{"train_loss": [0.2479433413753202, 0.22565451046468724, 0.2192376203164034, 0.21530638524964557, 0.21249880770722596, 0.21039579985959445, 0.20862152081028892, 0.20717306445407102, 0.20582590265509837, 0.20470120891615728, 0.20381337536059543, 0.2028628740831856, 0.20207937105811202, 0.19552958188963038, 0.1943934694516875, 0.19385535875269033, 0.19342233767793976, 0.19305883051043418, 0.19272655267427544, 0.19097567500089532, 0.1907662915659951, 0.1906561355155596, 0.19056959713640784, 0.19048280705197032, 0.19007965069225277, 0.19003279046803062, 0.1900110775671146, 0.1899928797772804, 0.1899728509745555, 0.18987946486848442], "train_recall": [0.22098378731497584, 0.2947442410342403, 0.31909647156581383, 0.3331242569130186, 0.3434052575073636, 0.35073903875387163, 0.3570788616258871, 0.36262378102057885, 0.36770309172597654, 0.3731128550112154, 0.37615235892855864, 0.3802488710313235, 0.3837931065723438, 0.4024667231929265, 0.40737104204461355, 0.40977419939154763, 0.41200069529774336, 0.414211451782381, 0.4150734790269053, 0.42009152739583017, 0.4204463429573502, 0.42197330813879125, 0.42199656104039474, 0.42265509739084983, 0.423293950927233, 0.424245603797358, 0.4237273418487754, 0.424396663833304, 0.4238446140383263, 0.42427558266595966], "train_f2_macro": [0.24282744212128496, 0.322436458202432, 0.34875736332964036, 0.3637436450287382, 0.374765327034164, 0.38254392819138994, 0.38925126653785136, 0.3952390998493981, 0.400714821956456, 0.40640546907283515, 0.40967281927161303, 0.41402314131612816, 0.41778181830969907, 0.43764626377771587, 0.44280482392192705, 0.44528193211316736, 0.44760757953992625, 0.4499439734654674, 0.45089075375488824, 0.4563265844705057, 0.4566429130751926, 0.4582123538733523, 0.4581919072909124, 0.458921920518943, 0.4596324903053553, 0.4605840651131453, 0.4600557995183431, 0.460757943527286, 0.46015373050168584, 0.46062100669401], "train_f2_micro": [0.3868391261996326, 0.4653478851316499, 0.4873812830944307, 0.500439424626447, 0.5090400075643198, 0.5154444685962191, 0.5207857986814756, 0.5252396294714624, 0.5288614332831574, 0.5328452654420147, 0.5355354406408024, 0.5379301926947814, 0.5400513967252274, 0.5549215339206822, 0.5589591452698335, 0.560344719980894, 0.5618433000838746, 0.5630531120626382, 0.5640565232983452, 0.567380670108804, 0.5678702390711895, 0.5688241095502026, 0.569090126343271, 0.5692100859692779, 0.5704715261738335, 0.5705540677134825, 0.5702968910284977, 0.5704705695765452, 0.5704975140764745, 0.5708051770634522], "train_hl": [0.11252516243983213, 0.10243696339237013, 0.09940195601073727, 0.09753571529632402, 0.09626312764614219, 0.09539762753441754, 0.09454734929613472, 0.09390237119709301, 0.09330715691507269, 0.09276853677790019, 0.09232710244808708, 0.09195026350428993, 0.0916147968318988, 0.08902063832340822, 0.08842600949805872, 0.0882013892886799, 0.08799843097612214, 0.0878382110005357, 0.0876333011657418, 0.08698032182553196, 0.08691475067839792, 0.08680780725985787, 0.08677365562072556, 0.0867402845904877, 0.08654532751909809, 0.08651195648886022, 0.08654200993129665, 0.08651878681668669, 0.08652112864337004, 0.08646824239077086], "train_oe": [0.804401268099149, 0.7773633178219841, 0.769283820612173, 0.7630100669274551, 0.7598138638091176, 0.7570922708986076, 0.7551345037913199, 0.7526613396614694, 0.7511262722705279, 0.7495652496338456, 0.7485233319119746, 0.7470809618272494, 0.7462800571015407, 0.7391089934926491, 0.7371289790318694, 0.7365023452418473, 0.7357644746843657, 0.735760766792117, 0.735026604126884, 0.7329761397133799, 0.7325905189195202, 0.7323087191086227, 0.7324347874450768, 0.7323309664621146, 0.7315337696286546, 0.7313520829084708, 0.7314929828139194, 0.7313409592317247, 0.7314966907061681, 0.7312445540332597], "val_loss": [0.22737163037014282, 0.21872168022604832, 0.2168494747023294, 0.2136530831385973, 0.21120826201641724, 0.21458123001421056, 0.21107475858002994, 0.2102695256967899, 0.21098987982705247, 0.21119414094830716, 0.21044949486910142, 0.2109397532852109, 0.21074041027996052, 0.20829436556853007, 0.20868736638147392, 0.2087073395479545, 0.20886333515816785, 0.2090517218959723, 0.20930770910775418, 0.20912934410686376, 0.2092686260820119, 0.20929497398780336, 0.20946899782700773, 0.20945560842089594, 0.2094744288889631, 0.20948168509768736, 0.20949919708330517, 0.20950431470426378, 0.20951121932660344, 0.2095279783914209], "val_recall": [0.28687503155614763, 0.2987928979412681, 0.3315128566057293, 0.3382336351491564, 0.3501536721459456, 0.34372537903970124, 0.35324482071391644, 0.3436329369803664, 0.3618044118612802, 0.35662255089583417, 0.3674567596799858, 0.3735085594796796, 0.36590654650067683, 0.3850151671560235, 0.3802747995403156, 0.3883725344414774, 0.39121373877618276, 0.39027234064587707, 0.3918148817108365, 0.3916230001320356, 0.39225373417733084, 0.39207606882167406, 0.39244428978474827, 0.39357522317486887, 0.39422667263742595, 0.3933386341125598, 0.39357057004268703, 0.39389750854724265, 0.3937584824500218, 0.3938764551615901], "val_f2_macro": [0.31296299434824043, 0.326364396618009, 0.35859336152498233, 0.3679665393815029, 0.37931520215936454, 0.3732511436852997, 0.382497407932166, 0.3753898053899208, 0.39245016961937707, 0.3888809148171307, 0.39899326839309057, 0.4020600358145579, 0.395510219386027, 0.4154991892614208, 0.4105013538336839, 0.4189883050359401, 0.4220739809063158, 0.4205713080293879, 0.42135731715848956, 0.42160531351551683, 0.4225220013275792, 0.42236895428926313, 0.4223783875387755, 0.42381715634826334, 0.4245209323086123, 0.42356384641362005, 0.4237994054274564, 0.4240605327899414, 0.42396494504076393, 0.4240940767079873], "val_f2_micro": [0.46557247036809857, 0.46794428486126205, 0.4857260737793463, 0.5026859863479005, 0.5256219477179247, 0.5069442186519401, 0.5272911451657436, 0.5117767265405632, 0.516271801666981, 0.5129138660501169, 0.5257423253282172, 0.5276047634138612, 0.5206712667344429, 0.5391886373249195, 0.5414624815550252, 0.5439603135173892, 0.546992838736487, 0.5444247596596915, 0.5458360625540416, 0.545135276700689, 0.5455657403383466, 0.5460611668493637, 0.5466287611924837, 0.5487425085907949, 0.5473117263650314, 0.5466718200140909, 0.5470512665983039, 0.5474924210034191, 0.5473672544397907, 0.5471979465275881], "val_hl": [0.1028634849411057, 0.10063226979453678, 0.09907701286873011, 0.09714995765157906, 0.09524161996854603, 0.096958528325372, 0.09488513602329822, 0.09561001507186895, 0.09540795078309483, 0.0953318044511147, 0.0946473382602988, 0.09484557396254877, 0.09507486375549455, 0.09317545944101786, 0.09295935700165522, 0.09283556603737467, 0.09275091173534088, 0.09297382055074642, 0.09291724254988967, 0.09283428984186662, 0.09282620727031565, 0.09282875966133175, 0.09283556603737467, 0.09266880982432318, 0.09276367369042135, 0.09280153415716007, 0.09279132459309569, 0.09275941970539452, 0.09277133086346963, 0.09277005466796158], "val_oe": [0.7733970239971549, 0.7687414627837993, 0.7674886641933998, 0.7560841557349887, 0.748712850480509, 0.7591151200666004, 0.7524308333939527, 0.754637375427366, 0.7525278242525641, 0.7516953193828149, 0.7456899687204481, 0.7488017587675695, 0.7520671176741592, 0.7431682063965471, 0.7429176466784673, 0.7436854909758088, 0.7426266741026325, 0.7428529861060595, 0.7423761143845526, 0.7425054355293681, 0.7416971783742716, 0.7418588298052908, 0.7423114538121449, 0.7416406003734148, 0.7418992426630457, 0.7420447289509631, 0.7419234903776986, 0.7420123986647591, 0.7420285638078611, 0.7420366463794121]}