{"train_loss": [0.2688487718287567, 0.25804467145998894, 0.2569045114932528, 0.25652572208653923, 0.25634500396883936, 0.25627138536807115, 0.25619042135145664, 0.25615338960376943, 0.256148458940278, 0.2561309271291832, 0.25611205037115703, 0.2561121869502535, 0.2561063121661268, 0.25611533479933907, 0.2560938631865542, 0.2561128409075501, 0.25610336530679595, 0.25610062855065546, 0.25607505300858885, 0.2561078589740216], "train_recall": [0.1710394266305589, 0.21787500329368648, 0.22767357858793238, 0.23178090778424024, 0.23420371206098783, 0.2361362774670425, 0.23682548505415005, 0.23757643553586522, 0.2381329885690065, 0.23902296431317768, 0.23924634139717962, 0.2393825247723091, 0.2393893752203502, 0.23953548829174065, 0.23974317704890574, 0.24036115167534475, 0.23991039844257706, 0.2407620381580386, 0.24029396247582716, 0.24010004211976857], "train_f2_macro": [0.19064409498271587, 0.24103710835141076, 0.2517711961396179, 0.2561966109400416, 0.2588306371497696, 0.26095042110711053, 0.26172778915926925, 0.2625065442913913, 0.2631672696985055, 0.26405319986048653, 0.26431963426797106, 0.26451166399481485, 0.26447127734574033, 0.2646573780777519, 0.26486121087999487, 0.2656191794697436, 0.26506883865707764, 0.2659929200706406, 0.2654996240578902, 0.265243916613498], "train_f2_micro": [0.29793397591745263, 0.35551429779432747, 0.36381455571887406, 0.3677656440536179, 0.36927730421957894, 0.37088689424603455, 0.3708590943799744, 0.3716778984682222, 0.3719384366172989, 0.37210522870554186, 0.37225781598475327, 0.372685620947212, 0.37203122741658967, 0.3726387157220082, 0.37229315984686506, 0.3727275307320554, 0.3722784757697487, 0.3728282730291021, 0.37266463744863, 0.3724311944142272], "train_hl": [0.1230290357235903, 0.11723711287897343, 0.11650158414817519, 0.11616182412686456, 0.11603360911595068, 0.11592432387072726, 0.11587397459703505, 0.115823039866672, 0.11580450040542875, 0.11582616230224982, 0.11578869307531607, 0.11572819588599598, 0.11583962780567912, 0.11573502621382244, 0.11579610885981338, 0.11575044323948788, 0.1157803015297007, 0.11574205169387251, 0.11573717288828218, 0.11578049668192432], "train_oe": [0.8336379984797642, 0.8180722668199262, 0.8164815810452548, 0.8158289920094922, 0.8153877528319027, 0.8152134818962161, 0.815161571404735, 0.8149724689000537, 0.8146498822744211, 0.8150948293442593, 0.8148352768868536, 0.8148946031628321, 0.8149984241457944, 0.8149390978698159, 0.8149390978698159, 0.8148575242403455, 0.8148389847791023, 0.8150503346372755, 0.8146869611969076, 0.8148686479170916], "val_loss": [0.25457945662169695, 0.2523859247209264, 0.25159705942141375, 0.2515794737036892, 0.2515516925270029, 0.2515807024699553, 0.25169170135493657, 0.2519191199155845, 0.25184768909335786, 0.25183142639853645, 0.2521469254602124, 0.25185612453884587, 0.2513697450807359, 0.2519012049935757, 0.251819136990775, 0.2515575365927786, 0.25188550420722566, 0.25156534705807254, 0.2512887732936225, 0.251908186513853], "val_recall": [0.2129395866014143, 0.2244532065485328, 0.22561930325617136, 0.2367106434508309, 0.2398269499115553, 0.2291367176818612, 0.24732490000470955, 0.24407977269857162, 0.23706012832065765, 0.23427405196127243, 0.25660991042886144, 0.24559313866843555, 0.2396353100934604, 0.24029783602765126, 0.24475281567884066, 0.2409010686461685, 0.24896040486590384, 0.24122416315077516, 0.233509338680948, 0.2389642027410881], "val_f2_macro": [0.23457240522504796, 0.24738712770904553, 0.24929743726687814, 0.26110062758619207, 0.26444563624461265, 0.2526608017222387, 0.27135899614536, 0.2679688745376986, 0.26047585684156943, 0.25789998808200315, 0.28129805799903773, 0.27025740109986657, 0.26468975717796944, 0.26587039268419466, 0.26904803400536537, 0.26428456972481895, 0.2736908044323463, 0.2669385164035254, 0.25718017766064777, 0.26353948627629614], "val_f2_micro": [0.35074080293933035, 0.3631093661510268, 0.3648638762274042, 0.3752932795722776, 0.376473449564655, 0.3620201660017892, 0.3867316469600459, 0.3796285573070627, 0.37383503499492104, 0.3644738064069634, 0.39407560558651555, 0.3811086532814344, 0.37105946892296016, 0.3685242068950182, 0.3848527671735833, 0.37791209417486177, 0.3889108905896063, 0.3772102036680514, 0.367674402195367, 0.37370093019421846], "val_hl": [0.11688249259700256, 0.11556418263718995, 0.11524215597065941, 0.1145968264420903, 0.11464744886390948, 0.11547527435012934, 0.11376389617383825, 0.1142688441965222, 0.11471338563182526, 0.11541444236424576, 0.11366818151073473, 0.11445857192871853, 0.11482101145300389, 0.11503200911033433, 0.11387407438603298, 0.11437902240871693, 0.11377495653490799, 0.11451344833556455, 0.1149316150637013, 0.1147508207000613], "val_oe": [0.8130339548830856, 0.8111426331401599, 0.810205054840248, 0.8093240545411928, 0.8084349716705868, 0.810657678847102, 0.8071498427939834, 0.8079904302352836, 0.8093806325420496, 0.8103505411281653, 0.8076024668008374, 0.8089118433920937, 0.8101646419824932, 0.8098736694066584, 0.8087340268179724, 0.8085238799576473, 0.8069477785052093, 0.8099059996928623, 0.8089522562498485, 0.8080874210938952]}