{"train_loss": [0.23869430486645019, 0.21791076830110465, 0.21193764504667603, 0.20808626001052766, 0.20520898132524434, 0.20305622671299853, 0.20132557470148132, 0.19962239698305775, 0.19828294498220927, 0.19704718786231223, 0.19601543835666177, 0.1949531446269828, 0.19397460323270882, 0.19321512228685092, 0.19233867261465065, 0.1839919479684944, 0.1822010012280318, 0.18137446541151744, 0.18072667872461595, 0.18024882400566627, 0.17975946145081795, 0.17740537762848768, 0.17706876003466754, 0.17691227628822484, 0.17677789124981538, 0.17664822954998324, 0.17607702530954097, 0.1760149160760274, 0.17598209607887413, 0.17595305364078603], "train_recall": [0.2532128224292709, 0.3186124389437489, 0.33893725836324534, 0.3539409043195785, 0.36293126079983534, 0.3711422375743658, 0.3782478907616513, 0.38419874820252004, 0.38965949120798965, 0.39444257224839563, 0.4002366949111917, 0.4028436434540752, 0.4073825471757432, 0.4106277562828843, 0.41322596633026454, 0.43709140362304955, 0.4458448851110639, 0.45005023814315837, 0.45340843828416366, 0.4551587721757296, 0.45802799264162636, 0.46365938444363247, 0.46531482505851945, 0.4656857990789131, 0.46670754583246554, 0.4673815042386722, 0.4693143368476406, 0.4692507589961046, 0.46914979625254355, 0.4698194358337397], "train_f2_macro": [0.2784545682919872, 0.3479885576087948, 0.36969739868793156, 0.38569992159593847, 0.3951802437042035, 0.4040866779506547, 0.41157596101364363, 0.4180407812721347, 0.423913427682478, 0.42876210330774533, 0.43501879871022525, 0.43776253451347785, 0.4426002179562211, 0.4460002080290377, 0.4486815462778139, 0.47384686073514465, 0.48290398371352955, 0.4873279610012884, 0.4907370239094333, 0.4925233785845064, 0.49544736057835825, 0.5015265056382724, 0.5031424482893279, 0.5034164467723579, 0.5045584768951001, 0.5052440997333368, 0.5072176676967739, 0.5071841774887277, 0.5070731207893647, 0.5077736638720424], "train_f2_micro": [0.42054317380942274, 0.48992856166015536, 0.5086012118938671, 0.5211804662331042, 0.5294257997571574, 0.5355856346037406, 0.5408215328789542, 0.5452606389671764, 0.5489278067086973, 0.5530905085237489, 0.555731453630953, 0.5587656614666929, 0.5613473534722588, 0.5634023045100462, 0.5655370952952706, 0.5836863201319585, 0.5895099915218104, 0.5920967399603625, 0.5940313763955168, 0.5953566008268766, 0.5970329450369064, 0.6008173430845757, 0.6020257494009992, 0.6032220723977594, 0.6031777901239321, 0.6039100407393302, 0.6051107496799905, 0.6053484794503677, 0.6051669778807092, 0.6055111014835698], "train_hl": [0.10819961340344503, 0.09880518051092804, 0.0959860114886114, 0.09417031520011397, 0.09292543916568521, 0.09191220882068535, 0.09117277704541485, 0.09046925327928917, 0.08989511543741907, 0.08924057487942032, 0.08880772724744619, 0.08832784792958127, 0.08794359320128683, 0.08762588538124451, 0.08729041870885337, 0.08393672774606012, 0.08307259369990076, 0.0826526261146851, 0.08234428560137622, 0.08212493450203495, 0.08187104145911414, 0.08105101181549138, 0.08086795902974217, 0.08072159486203226, 0.08069759113852783, 0.08058967195886972, 0.08037558996956601, 0.08034358500489344, 0.08035607474720469, 0.08030923821353751], "train_oe": [0.7922875841228054, 0.7664917777489386, 0.7590277906524037, 0.753558649585643, 0.7487383896623965, 0.7459982572906432, 0.7435250931607927, 0.7418009232651699, 0.7396132668384656, 0.7374997682567345, 0.7363317821984093, 0.7348708726524407, 0.7328315319156825, 0.7319564693450009, 0.7310480357440813, 0.7201357088563006, 0.717262092363596, 0.7155305066834758, 0.7147444335267616, 0.7132724003040471, 0.713328018687777, 0.7101021524314504, 0.7093679897662174, 0.7087339401916981, 0.7087376480839467, 0.7085893323940007, 0.7074992120728971, 0.7074769647194052, 0.707447301581416, 0.7073138174604646], "val_loss": [0.21961259036461686, 0.2115538252633181, 0.2078622514919189, 0.20762896971157616, 0.20609209700933837, 0.2060171914889524, 0.2055463258533677, 0.20590501895493696, 0.20568043683546325, 0.20504885630225833, 0.20588927977563953, 0.20662972149165937, 0.20655803680334814, 0.20617417669334537, 0.2069083520529829, 0.20485364049203791, 0.20540299705385096, 0.2059046080128553, 0.2062420750110126, 0.2068888152522928, 0.20727403340735498, 0.20730735794054972, 0.207573312354939, 0.2078754946645535, 0.20814273470702974, 0.20814021509428635, 0.20825866399188245, 0.20830857604990688, 0.20834489457662245, 0.20837222667151564], "val_recall": [0.2864841132939395, 0.33328713326795306, 0.3436529337183059, 0.3379515652002845, 0.3597502536428792, 0.374335364523692, 0.3613136144106727, 0.3747489037660152, 0.38134289450905245, 0.3716371615330174, 0.3634129042725356, 0.37521617370717475, 0.37555863558415215, 0.3934782868515984, 0.38674381093330035, 0.4062218416228782, 0.40408282401715107, 0.4116226531599883, 0.41099762986382354, 0.40570036987538466, 0.4123505603788118, 0.4120003425588123, 0.4149549955882595, 0.413974999573439, 0.41406264217402056, 0.4141319935877144, 0.4145491766496441, 0.41470268422458295, 0.4147672982790366, 0.41442428500888984], "val_f2_macro": [0.31431912234928, 0.3608211779231716, 0.3727494115674443, 0.36834880520583535, 0.3909197704194783, 0.404910022926911, 0.3927169557795598, 0.4057077346578535, 0.4109955691023379, 0.4018069799683081, 0.39349360847974507, 0.4055293226519698, 0.4047071472472971, 0.42359595685953105, 0.4176321519123859, 0.43667988497878396, 0.43475406768441655, 0.4422344405276824, 0.4409072401348836, 0.4351361372718337, 0.44308323873556527, 0.4426792699445144, 0.4450066472546235, 0.44392332796359224, 0.44399222438066593, 0.44412365150270827, 0.4445354954097336, 0.4447785324099263, 0.44490518582099187, 0.4444502306182066], "val_f2_micro": [0.46643202454666555, 0.5087760976337409, 0.5160334654121227, 0.5172274220868662, 0.5398940490669515, 0.5308146311115344, 0.5289558770498316, 0.5455421879847279, 0.5405653690899522, 0.540956340703298, 0.5377366133072962, 0.5470702329895994, 0.5383139067952392, 0.5561286967354132, 0.540696641734755, 0.5633279462555986, 0.5663923802634355, 0.5661913220423164, 0.5674596745292877, 0.5668861076164446, 0.5667585502315562, 0.568096156717676, 0.5723059575358177, 0.5684432688452707, 0.5691412829395719, 0.5704261649484909, 0.5698161925944017, 0.569826100296902, 0.5698224741718539, 0.5694042895006814], "val_hl": [0.10080072760159899, 0.09610007414695902, 0.09453162986756919, 0.09428745112702952, 0.09233189421019876, 0.09296658877620083, 0.09288193447416704, 0.09194818476077928, 0.09218215393725457, 0.09190479411350568, 0.09232423703715048, 0.0918801210003501, 0.09235656732335433, 0.09112035927455943, 0.0922251191860255, 0.0900100691825585, 0.08994158002362664, 0.09007302816095548, 0.0901181204022398, 0.0900726027624528, 0.09024020977250964, 0.09012535217678541, 0.08986585909014917, 0.09013045695881759, 0.090132583951331, 0.09007132656694475, 0.09008493931903058, 0.09006111700288037, 0.09008579011603594, 0.09011471721421835], "val_oe": [0.7707863533861934, 0.7560679905918867, 0.7497555022105833, 0.7492301350597705, 0.7427074998181422, 0.7458031247221616, 0.7407272697881557, 0.7400240860632219, 0.7418588298052908, 0.7403069760675056, 0.7415759398010071, 0.7394663886262054, 0.7429903898224259, 0.7374053328807093, 0.7400402512063238, 0.7326366156656402, 0.7335418636793483, 0.7328225148113123, 0.7323213953751526, 0.7329518359561278, 0.7335822765371031, 0.7327416890958027, 0.7316424593648716, 0.7329518359561278, 0.7320627530855217, 0.7321274136579294, 0.7322244045165409, 0.7322728999458468, 0.7323375605182545, 0.7326042853794363]}