{"train_loss": [0.2705540119457723, 0.26335760237897493, 0.262861473634786, 0.26280782880605424, 0.262604173364787, 0.2626151885531443, 0.26265485120179616, 0.262550587391929, 0.2625526148104518, 0.26259710063948327, 0.26266377569429533, 0.2625667529280541, 0.2626554553786414, 0.2625725795437529, 0.2625783721535804, 0.26257809603831667, 0.2626234998229907, 0.2625911621634124, 0.2626094055544597, 0.26263582127502055], "train_recall": [0.18981838906122905, 0.22162098895497076, 0.22680335017328856, 0.22880352081239105, 0.23023548018276221, 0.23053736140913278, 0.2302908271201512, 0.23141887218143142, 0.2312574087586244, 0.2320435629593669, 0.23140963586263413, 0.23179726780672988, 0.23159184553017437, 0.2324188708623488, 0.2318044943602036, 0.23145447755128212, 0.23197700642874935, 0.23210373533758882, 0.2314745572819009, 0.23144409477689917], "train_f2_macro": [0.21167368347343016, 0.24573404873139446, 0.2514340852197665, 0.2535896127982358, 0.25512665384024197, 0.2554492897044329, 0.25518883980349744, 0.2564598963075795, 0.2562378170800803, 0.2571005333453583, 0.2564022128850599, 0.25687859143850406, 0.256605060555893, 0.2575294063645596, 0.25684340356986307, 0.25646279688336804, 0.25702954911143183, 0.2571987828407699, 0.25646240471168924, 0.2564237199531544], "train_f2_micro": [0.3095382576036527, 0.34800663629592665, 0.3526831302236107, 0.3544428850786124, 0.35541342614516186, 0.35532890964200864, 0.3551137684055924, 0.35547373016774436, 0.35572519172666855, 0.3559229887023649, 0.35577681316431137, 0.35563562325003195, 0.35582956613163447, 0.35582113082513894, 0.35604271769089796, 0.35608608521390606, 0.35578614666132624, 0.35613404406216725, 0.3554364152724067, 0.3554820566324468], "train_hl": [0.1228106603853671, 0.1192850403135706, 0.11882682289252675, 0.11875266504755372, 0.11857897956853795, 0.11864923436903871, 0.11871675703840888, 0.1186416234323178, 0.11856902680513368, 0.11864240404121225, 0.11862445003663984, 0.11865821137132491, 0.11863537856116217, 0.11862308397107453, 0.118573905610724, 0.11856727043512115, 0.1186209372966148, 0.11857546682851292, 0.11866269987246802, 0.11868475207373631], "train_oe": [0.8303194349172213, 0.8199410445132465, 0.8191475555720351, 0.8189399136061106, 0.8187841821316673, 0.8189102504681214, 0.8192736239084892, 0.8187137321789428, 0.8189918240975917, 0.8190140714510836, 0.8190400266968242, 0.8188768794378836, 0.8192217134170081, 0.8190993529728026, 0.8186581137952131, 0.81844676393704, 0.8191438476797864, 0.8186136190882293, 0.8187582268859267, 0.8191883423867703], "val_loss": [0.25839907707282533, 0.25787329633650247, 0.256918424529191, 0.2572875800668388, 0.258228753864901, 0.25707295181326784, 0.25734610267339514, 0.2566825964231683, 0.25679222984930994, 0.2579436703135505, 0.25709084191341636, 0.256236704002204, 0.25757228350007877, 0.25731157651959935, 0.2574806745164939, 0.2571606934853414, 0.2574613046998944, 0.25746331829168206, 0.2590034985117548, 0.2578802928517597], "val_recall": [0.21346955359536277, 0.22013888618228616, 0.2270037460200361, 0.22295306522304023, 0.2288870008689682, 0.21942911713311397, 0.22444116146878224, 0.22364782813613737, 0.23037892955373332, 0.22515363989957196, 0.2260102261067269, 0.23281906853661982, 0.21502624019174507, 0.2272652378845277, 0.22750214271442515, 0.2234114402711314, 0.2393385257687723, 0.2253563419389814, 0.2404459138203285, 0.23136425261244883], "val_f2_macro": [0.23554775198554698, 0.24229604682885378, 0.2499383808424717, 0.24772754724778792, 0.2524160343536952, 0.2431253955186575, 0.2489445435451131, 0.24778421893091904, 0.25426595037857674, 0.24876766429301891, 0.2510328794979523, 0.25757749902027455, 0.23853295304085614, 0.2523577259713539, 0.25078027984614387, 0.24475989324230354, 0.2601485229017711, 0.24881853634790788, 0.2654603676700033, 0.2542194636053898], "val_f2_micro": [0.34718658486456955, 0.35717487776977286, 0.35513928920615995, 0.35385467992833003, 0.36010258077378765, 0.34574340646317064, 0.3491039261912781, 0.35846755786585216, 0.36479066923430176, 0.3558975565403715, 0.3518785933777974, 0.3600050843687438, 0.33384811337816706, 0.357014065337196, 0.3677363822804019, 0.3387421805583651, 0.3701396372481584, 0.361578266904721, 0.3628910655228779, 0.3611707627960534], "val_hl": [0.11806297344194608, 0.11756568259231041, 0.11788047748429535, 0.11808934814911239, 0.11762226059316716, 0.11789749342440264, 0.117925144327077, 0.11729810693412321, 0.11694502617689687, 0.11795236983124867, 0.11772520703081629, 0.1171007220288786, 0.11886697661201572, 0.1174840060797954, 0.11699437240320802, 0.1186313058415297, 0.11687313382994355, 0.11744401862054325, 0.11812082763831087, 0.11747975209476857], "val_oe": [0.8141816800433226, 0.8140523588985071, 0.8135835697485512, 0.8150950106285816, 0.8123226885866007, 0.8146343040501767, 0.8158062769250665, 0.8133572577451242, 0.8139068726105898, 0.8137694688942234, 0.8168489286551409, 0.8125732483046806, 0.8165983689370611, 0.8137452211795705, 0.8112477065703224, 0.815014184913072, 0.8112638717134244, 0.8134380834606338, 0.8147878729096449, 0.8141331846140167]}