{"train_loss": [0.2771023040302328, 0.26904305537051365, 0.2684213431011912, 0.2682547076840854, 0.2681749238162759, 0.26815012017973067, 0.2681374043486146, 0.26814569325920495, 0.2681126300038661, 0.26809212951344097, 0.26807346935708853, 0.26809636126066844, 0.2680777930621434, 0.2680581845528759, 0.2680836953558682, 0.268097924030557, 0.268084104127358, 0.2681122351469632, 0.2680972722223304, 0.26808643543064653], "train_recall": [0.1691181095144037, 0.2030665329956326, 0.20908738394485452, 0.21082414143850087, 0.2124792168969153, 0.21298028696490592, 0.2137149783849984, 0.21339239329664006, 0.21396431206436486, 0.2133905431767626, 0.2140064594042329, 0.21447607992445886, 0.21411908734475996, 0.21400880140629075, 0.21426857831320603, 0.2143742020554046, 0.2144132152587523, 0.214709721821949, 0.2147725345868596, 0.21462518615535756], "train_f2_macro": [0.18789650630491705, 0.22449045950529434, 0.23099990057733327, 0.23291830823173382, 0.23469562802433003, 0.23527982611693374, 0.23604473299640424, 0.23569516390651882, 0.2363109743754483, 0.23574410271716859, 0.23644226087138528, 0.23692023837466059, 0.23642897048464226, 0.23641131558005052, 0.23671260432288466, 0.23679398263734613, 0.23684725852523386, 0.23710556876357525, 0.23723813643262762, 0.23705463099764695], "train_f2_micro": [0.2868613346425039, 0.32888261617738934, 0.33475496443340824, 0.33686460786790356, 0.338291477705281, 0.33807530525805723, 0.33862090120096117, 0.3384385390592894, 0.33906670973702274, 0.3385324472045412, 0.33927274998015755, 0.33923246164350784, 0.33894786171703434, 0.3392367053756287, 0.3390090661347229, 0.33905318157439684, 0.33901458061650797, 0.3391362199922382, 0.3389114305858403, 0.33908938849403714], "train_hl": [0.1250845740949084, 0.1212611517298781, 0.12071570126487914, 0.12053616121915497, 0.12042121655944678, 0.12048678770658082, 0.12043351114953442, 0.12045478274190825, 0.12041750866719814, 0.12044873302297625, 0.12036930606796567, 0.12039155342145758, 0.12045790517748607, 0.12035584056453635, 0.12042921780061493, 0.1204317547795219, 0.12043077901840384, 0.12041223955716057, 0.12042277777723569, 0.12040014011929655], "train_oe": [0.8323736072229742, 0.8218469011290532, 0.8207975676226849, 0.8211386937095608, 0.8208346465451715, 0.8207530729157011, 0.8210274569421012, 0.8208012755149335, 0.8204935204582955, 0.8207345334544578, 0.8205862177645118, 0.8207530729157011, 0.8206344203637442, 0.8205899256567604, 0.8206677913939822, 0.820690038747474, 0.8207456571312037, 0.8204082389365766, 0.8206603756094848, 0.8205417230575279], "val_loss": [0.26510886368256836, 0.2641183356437136, 0.26288571396955085, 0.26291646479068836, 0.2626600028720819, 0.2631164859726468, 0.2637266311315189, 0.262446058170019, 0.26376611945364703, 0.2625019283384493, 0.26329586479644734, 0.26316316983582216, 0.26294932461028286, 0.26302782817278, 0.26327491951264514, 0.26274426581840743, 0.2621157714107336, 0.2630842021220497, 0.26309350532569065, 0.2635781339263852], "val_recall": [0.19489588545712044, 0.2084862246386047, 0.2116911572284046, 0.20995213725984205, 0.1963681936757529, 0.21534752676864355, 0.20174014228295278, 0.21252206103608684, 0.20546871720870305, 0.21464043800285226, 0.21370334563791976, 0.21097352894172133, 0.2099698723438766, 0.2186519785113977, 0.205826593413654, 0.21453986422312438, 0.21384430856190265, 0.20963665666486903, 0.2183180976853936, 0.22554999703578835], "val_f2_macro": [0.21436256887309535, 0.22909332696931076, 0.23241977224393426, 0.23086751637115546, 0.269924642459947, 0.2359862380046851, 0.27546353975786736, 0.28678209911462255, 0.27827020680074294, 0.2885550600084585, 0.287220929730266, 0.28333817267872013, 0.2837125675797241, 0.29192409553795384, 0.22535811261213934, 0.28760190957576576, 0.2879139729962846, 0.2829849010097155, 0.29084801136931926, 0.2994705725913173], "val_f2_micro": [0.32170717327303366, 0.33494370626797665, 0.34592951698048713, 0.3343761532310972, 0.3221789723100513, 0.3439175547099519, 0.3269978299173675, 0.34116333954759015, 0.3328613484726958, 0.34092368684903196, 0.33805353065560734, 0.33811421662391167, 0.3375082133769759, 0.3589121397854307, 0.33278129984971355, 0.33868568912193286, 0.3478816363430031, 0.34090916354167405, 0.3467152237938421, 0.36259976183278486], "val_hl": [0.12064301536071453, 0.11988155204091312, 0.1189061132742625, 0.11931279424282683, 0.12031248072413035, 0.11925621624197007, 0.12039756042466682, 0.11912136491661976, 0.12021846765503755, 0.11906138372774155, 0.1196531130449727, 0.11918006990998993, 0.11927833696410955, 0.11828630765585431, 0.11931449583683755, 0.11955654758486381, 0.1185419721559664, 0.11893886895896903, 0.11903245662955915, 0.11801830659916443], "val_oe": [0.8179077455283172, 0.8149414417691132, 0.8130824503123915, 0.8156607906371491, 0.8186351769679041, 0.8150303500561739, 0.8169540020853034, 0.8155233869207827, 0.8174874518076671, 0.8148363683389508, 0.8164367175060417, 0.8150950106285816, 0.8149899371984191, 0.8116599177194216, 0.8152404969164989, 0.8162589009319206, 0.8139796157545485, 0.8140281111838543, 0.8149495243406643, 0.8134542486037357]}