{"train_loss": [0.24758610148407167, 0.22694691229349964, 0.22057895880726472, 0.2166274284968691, 0.21385173092622312, 0.21171611517413172, 0.2097713239924159, 0.20811697135457974, 0.206780105800508, 0.20546274639641326, 0.20435408624459286, 0.20333272087735604, 0.2023920951244047, 0.19448569930575374, 0.19285023174043983, 0.1920632695408797, 0.19145007494184635, 0.19096507560099307, 0.19049192746432864, 0.18827994932355577, 0.18796327566939278, 0.1878088272146184, 0.18768109595973273, 0.1875596664015842, 0.18703661138111372, 0.186973852440927, 0.18694288830732989, 0.18691796826894427, 0.18688817855322537, 0.18676657710395891, 0.18675749103251826], "train_recall": [0.22857764032606442, 0.29317440233300257, 0.31178424073521765, 0.32346095362453253, 0.33237443724795473, 0.3410108001587958, 0.3479764166451438, 0.353695024473162, 0.3587296170784764, 0.364928448997259, 0.3682309091427732, 0.372024401236549, 0.37633554997168506, 0.39724818657047284, 0.4048925779306238, 0.40779159887621136, 0.41067632050787645, 0.4124194077385906, 0.41389998417496726, 0.4203663297075491, 0.42146209497763437, 0.4223499569659445, 0.4227746294933418, 0.4230465131166532, 0.4252666197757112, 0.424874301020818, 0.4256306565649424, 0.425861816115135, 0.4254174759986223, 0.42655782908489326, 0.4260827206067277], "train_f2_macro": [0.2512565285658502, 0.3204738567362525, 0.340482256104527, 0.3530233395292719, 0.36260952607602925, 0.3718812970385766, 0.3794488402782002, 0.3856036932938866, 0.3909917166635996, 0.3976710530280396, 0.40116209839909484, 0.4051864085708847, 0.4100031997327487, 0.43220654147980686, 0.44033558979921184, 0.4432627708406056, 0.44631644351655203, 0.4481307232292204, 0.44973088712863346, 0.45652406276121715, 0.45766020994918793, 0.45854718473205675, 0.45903079719909673, 0.45939518065303275, 0.46166344139351506, 0.4612182046152521, 0.4620413305791983, 0.4622606925287986, 0.4617937886819612, 0.4630109266270231, 0.4625310719077838], "train_f2_micro": [0.3915105419741704, 0.46245053454762, 0.48273712462323565, 0.4951453275678818, 0.503795565048762, 0.5102333498451491, 0.5158427836164073, 0.5205849644252661, 0.5237056924939271, 0.5282556724587893, 0.5311758553128617, 0.5343507615641201, 0.5369684132782045, 0.5541612282339882, 0.5594607052316202, 0.5620051562270183, 0.5639011400515936, 0.5653947799303854, 0.5663532110854719, 0.5708466515187025, 0.5716175427070737, 0.5724641052138402, 0.5730209252192943, 0.5730429909605795, 0.5743079867096245, 0.5744642159234462, 0.5745737378210807, 0.5748714162041045, 0.5746709519352073, 0.5752596400572968, 0.5750765386750714], "train_hl": [0.1120037156983376, 0.10271427470212452, 0.09983987760052535, 0.09804818503553234, 0.0967871113665437, 0.09577641800045081, 0.09491521123764564, 0.09421539536376862, 0.09378391379735979, 0.09306829059337009, 0.09261182954233876, 0.09214443996678509, 0.09174203608169462, 0.08860320771709954, 0.08788075418528338, 0.08747405695127342, 0.08719616018484819, 0.08697622362883609, 0.08684059283342489, 0.08593820895143735, 0.08584141344852518, 0.085732518507749, 0.08563962604930911, 0.0856216720447367, 0.08538573300638831, 0.08538631846305915, 0.08535002014946709, 0.08532738249152795, 0.08535236197615044, 0.08525634708213274, 0.08526922712889122], "train_oe": [0.8012236044420549, 0.7766402788334971, 0.7694247205176218, 0.7646860342238455, 0.7604738686293776, 0.7580637386677543, 0.7548860750106602, 0.752783700105675, 0.7519308848884851, 0.7497506442462782, 0.747881866552958, 0.746435788575984, 0.7452937577633993, 0.7359906561115335, 0.7341404178794564, 0.7326795083334878, 0.7313557908007193, 0.7311481488347948, 0.7307514043641892, 0.727829585272252, 0.7277035169357978, 0.7270991304992677, 0.7269508148093217, 0.726787667550381, 0.7260386733161535, 0.726172157437105, 0.7260497969928994, 0.7259274365486938, 0.7259941786091696, 0.7255418157548341, 0.7257383340440127], "val_loss": [0.22747202143786818, 0.22194471455169398, 0.2179543823936123, 0.216836155562781, 0.21578528729506663, 0.21519566529548148, 0.216210780106044, 0.2147492752242244, 0.21599979543732398, 0.21568424644826847, 0.21535615569732602, 0.21627115905234992, 0.21726087484496598, 0.21444710033967343, 0.21534053491916508, 0.21593108969265473, 0.21604402992977226, 0.21657823128272066, 0.21715533241949847, 0.21713754051182654, 0.21750670417465448, 0.21754444083470695, 0.21784079678327822, 0.21801082000900326, 0.21793042194297588, 0.21801123679254722, 0.21801257936196344, 0.21807449299405007, 0.21808548517864315, 0.21810081148724636, 0.21812161544913572], "val_recall": [0.27342117440989133, 0.30239602457184145, 0.31522239200730096, 0.31800345518644263, 0.336844425102201, 0.3329380714469707, 0.3280573132792495, 0.35067424684020027, 0.34728069697462943, 0.3488041210160361, 0.36215654345234227, 0.36485623029977116, 0.3533961687786814, 0.37268631461723606, 0.3751984495002514, 0.3749999777030066, 0.3806719388226072, 0.37886036111528076, 0.37884134749545756, 0.3792735597766561, 0.38171467512549834, 0.3827875615843419, 0.3813177593069524, 0.3822697450786674, 0.3824423971377694, 0.3826094490629253, 0.3832493337694251, 0.3829990969543231, 0.3835088098516237, 0.38338986218406124, 0.38331871990145155], "val_f2_macro": [0.2984476280030238, 0.3311180980505557, 0.3417093186700802, 0.34655174263627925, 0.3645337337888428, 0.3626909987270523, 0.3574007720317769, 0.37989277684814843, 0.37626465466510195, 0.37941700129293704, 0.3923152552659522, 0.39547458183748224, 0.38268981472998087, 0.40293348582312644, 0.40583477920894095, 0.4056567281732908, 0.4100471404614088, 0.40880205111552936, 0.40819362641390805, 0.40903836563457374, 0.4116939094333583, 0.41264644177214443, 0.41137776787897024, 0.4117386999553171, 0.4121730775733324, 0.41227693454114595, 0.41289063860621666, 0.41266832687745664, 0.41324012716367875, 0.4131659372131694, 0.4130648097859814], "val_f2_micro": [0.4530293811958105, 0.4744696606645541, 0.4792231882048037, 0.48974198059038454, 0.5120839954805582, 0.5091933776044429, 0.49792569436450035, 0.5146868906219588, 0.514102528015978, 0.5137369313823734, 0.5256502736102294, 0.5148983375896518, 0.5123992996890228, 0.5307941727121664, 0.5320593511508407, 0.5326913970775509, 0.5388187263061083, 0.5381291543927265, 0.5378700427548375, 0.5378360186527116, 0.5389366730165579, 0.540164820687086, 0.5374541374814276, 0.5394616138738523, 0.5398604830086722, 0.5396677010618202, 0.5404824301874086, 0.5398968457629706, 0.540254147461251, 0.5402419434948309, 0.5402474295492058], "val_hl": [0.10347052860443341, 0.10080881017314995, 0.09952580828905998, 0.0984720961979158, 0.09650845670953408, 0.09665649538846753, 0.09753111470998245, 0.09608688679337586, 0.0963872181362696, 0.0962668303600105, 0.09557470699614631, 0.0964935677619402, 0.09662884448579317, 0.09484940254907291, 0.09481069128532882, 0.09486046291014265, 0.09457884910136694, 0.09468392253152948, 0.09483876758650585, 0.09474347832190501, 0.09470391626115554, 0.09468860191505898, 0.0948038849092859, 0.0947290147728138, 0.09471072263719846, 0.09472050680276016, 0.09467073517794632, 0.09471284962971187, 0.09470519245666359, 0.09469328129858849, 0.0946954082911019], "val_oe": [0.7727019228437719, 0.7682241782045376, 0.7636251949920387, 0.7596889826467189, 0.7522449342482804, 0.752107530531914, 0.7573450368969391, 0.7506769153673933, 0.7529077051154596, 0.7523095948206882, 0.7507254107966991, 0.7532875859783549, 0.7541039257050023, 0.7476782813219853, 0.7466760424496658, 0.7468942718815419, 0.7448655464222498, 0.7465386387332994, 0.7466922075927678, 0.7460213541540377, 0.7457950421506107, 0.7458192898652636, 0.7462153358712609, 0.7455687301471836, 0.7455768127187345, 0.7455040695747759, 0.7453343355722056, 0.7455121521463268, 0.7454394090023682, 0.7454717392885721, 0.7454232438592663]}