{"train_loss": [0.2469522068948862, 0.2266416604797288, 0.2204903871507004, 0.21651473563424375, 0.21364529825009734, 0.21122932496361743, 0.20942576748496217, 0.20774370014948632, 0.20620968688976005, 0.2048988291135347, 0.20365366813389466, 0.2025182900307625, 0.20144869420079822, 0.20061997727654066, 0.19972571952371912, 0.1989457625325541, 0.1982248631576947, 0.19750942720527268, 0.19692973035693126, 0.19623345033962705], "train_recall": [0.2306972087274396, 0.2951799219541852, 0.31438958161158387, 0.3267814179038197, 0.3360538040272358, 0.34375947257460115, 0.34948749289787306, 0.3558808074522356, 0.36101548181979204, 0.36680154995852543, 0.37103108997920964, 0.3766400676225895, 0.3793056609116496, 0.38158688618661574, 0.3868072127140822, 0.38998049925389255, 0.3920398328773203, 0.39527687261728356, 0.3978821735723443, 0.40003855915706166], "train_f2_macro": [0.2534827051023186, 0.32278012814209883, 0.3435721351546163, 0.3568446567148753, 0.36676509552621656, 0.37496484721435297, 0.38111252355557323, 0.38800395466568866, 0.39356737590915297, 0.39987344658224894, 0.4043392156121188, 0.41035331277745557, 0.4130620597502026, 0.4155661934972378, 0.42123126752250145, 0.4244622093922673, 0.4267099168643856, 0.43011217323371326, 0.43280870115344355, 0.4350693529916333], "train_f2_micro": [0.394242814344375, 0.463403684504609, 0.482730783712306, 0.49495251354713765, 0.5038788343174593, 0.511053785211564, 0.5163985631516272, 0.5205307287595388, 0.5249213786344551, 0.5290941714411542, 0.532178304221644, 0.5356053728081801, 0.5384054075456252, 0.540509770532192, 0.5426959152992639, 0.5455690279422044, 0.5474542734209155, 0.549600416521346, 0.5510084758344469, 0.5534964037093635], "train_hl": [0.11170474249176214, 0.10256771538219099, 0.099837535773842, 0.09803510983655025, 0.09669246253809127, 0.09569152678317905, 0.09483305215150448, 0.09425091306846622, 0.09358115063702564, 0.09290963183557255, 0.09243580223663964, 0.09194226226312179, 0.0915070728044643, 0.09117628978543989, 0.09084999526755858, 0.0904253440289762, 0.09010334286001438, 0.08975811857644259, 0.08956374696172383, 0.08913187509086776], "train_oe": [0.8002743840264002, 0.7765809525575187, 0.7690279760470161, 0.7639555794508611, 0.7608706130999833, 0.7571701366358293, 0.7546524777989951, 0.7528652737351452, 0.7511077328092846, 0.7487977159383749, 0.7482415321010771, 0.7458870205231836, 0.7449415079997775, 0.743458351100317, 0.7424646359776785, 0.7410074343239585, 0.7397504588516658, 0.7390385435399247, 0.7381115704777619, 0.7369992028031666], "val_loss": [0.22759480332144208, 0.22012902779554883, 0.2186812793097579, 0.2172689965631142, 0.21560846109371035, 0.2153960279250295, 0.2158364409998916, 0.21536025720965934, 0.21500524222502487, 0.21673331187564038, 0.21632440030393643, 0.21806375846260811, 0.21774228699058495, 0.21787883519870088, 0.21825970308003434, 0.2183644307711437, 0.21938142155373647, 0.219728088806045, 0.2196914298306613, 0.2206297986792903], "val_recall": [0.28932380269648444, 0.29614786692060396, 0.30884423083376394, 0.32730952024711596, 0.3346762716298431, 0.3303538156838313, 0.34038700967165275, 0.34616199376455076, 0.34252095585437525, 0.3477022826664817, 0.3574715193145921, 0.3565671392485031, 0.3498555669668481, 0.35919201440269566, 0.36150260543871227, 0.35614443484271147, 0.3581290174733426, 0.3599277515240962, 0.36824496953954894, 0.36456275691168083], "val_f2_macro": [0.3121310054152231, 0.3232526375552496, 0.3374147678982935, 0.3543420069671572, 0.3612832966200903, 0.35945982652717334, 0.3702227393708921, 0.37463345227017536, 0.37230781513499017, 0.37475855561549376, 0.38734902712769026, 0.3862032745808432, 0.3789665831873976, 0.3889904451495882, 0.39131627565082266, 0.3846484241169974, 0.3871815409933706, 0.38934075676917834, 0.3979066416501669, 0.3912170916765466], "val_f2_micro": [0.4566383046439289, 0.4717231616162306, 0.47590350988138364, 0.5056840238362884, 0.5091292930964222, 0.5064791674849758, 0.49867495134923556, 0.5146347999745472, 0.5085296766009858, 0.5137401198528089, 0.5204387034115547, 0.5227413662241401, 0.5107261934004248, 0.5237770038154569, 0.5203138332163331, 0.5267590378307989, 0.523862753757824, 0.5167309790010761, 0.5265275365280474, 0.528815184654913], "val_hl": [0.10349307472507559, 0.10048508191260869, 0.09966874218596125, 0.09749878442377859, 0.09695342354333981, 0.09685515648922019, 0.09747623830313643, 0.0962885256836473, 0.09660246977862687, 0.09651909167210113, 0.09629192887166876, 0.09647059624279535, 0.09673476871296108, 0.09612985204214679, 0.09646251367124438, 0.09593119094139413, 0.09613750921519507, 0.09669435585520626, 0.09628001771359365, 0.09608943918439196], "val_oe": [0.7762905846124003, 0.768361581920904, 0.7650234798703556, 0.7534249896947213, 0.7542170817067158, 0.7542979074222255, 0.7572642111814295, 0.7540877605619004, 0.7542817422791235, 0.7537725402714127, 0.753489650267129, 0.751218447661308, 0.7537078796990051, 0.7506526676527404, 0.7536674668412502, 0.7498929059269497, 0.7496342636373188, 0.7536189714119444, 0.7492624653459745, 0.7488987496261811]}