{"train_loss": [0.2485376311568645, 0.22619063348881105, 0.21978207858165308, 0.21608226355801743, 0.21348100615683882, 0.2113752856096549, 0.2097639494209131, 0.2082910137502967, 0.20703019796573174, 0.2059526056463211, 0.20495599599848632, 0.20412832100915015, 0.20328000929395793, 0.2025589332608643, 0.20190187605954513, 0.2013185053182422, 0.20080098739281954, 0.20025237864232567, 0.1997283544112041, 0.1992913892008205, 0.19895022519473843, 0.19217692592102145, 0.19105184867608574, 0.19056688680870024, 0.1902311752392505, 0.18990832878083103, 0.18961639352908377, 0.18790994663062002, 0.18766932329052452, 0.18757256031510217], "train_recall": [0.21444202637107942, 0.28460024839926246, 0.3060340333722855, 0.3179559205334472, 0.32614574299472293, 0.332988902867638, 0.3377674188889349, 0.3427468155607528, 0.3493213200627024, 0.35241116100914127, 0.35619315044403466, 0.35956173877968417, 0.36228736086945784, 0.3659358249234989, 0.3682647926443377, 0.3700738964448397, 0.37259917205828447, 0.37492611750179444, 0.3775273104920019, 0.3789134175536717, 0.3796953311828701, 0.3980190700992208, 0.40362321607114066, 0.40519641543389323, 0.40682976298441625, 0.40815953161368296, 0.4091651750439471, 0.412627028687684, 0.4154491075806256, 0.4152812145371286], "train_f2_macro": [0.2342864269095514, 0.31030552517793014, 0.33321345897925325, 0.34606717519227514, 0.35489174065737517, 0.3622085653236759, 0.3672440673633476, 0.37257187626868826, 0.37968417232945534, 0.38307040678350707, 0.3870188572447317, 0.39076744663415736, 0.3936765042905015, 0.3976590896643609, 0.4000377527946414, 0.40200163323991694, 0.4048333199030931, 0.4072261601740377, 0.4099912932558098, 0.41163969604351686, 0.41242531320280107, 0.4318136051872051, 0.43776082863823, 0.4392758605162694, 0.4411160906346732, 0.4425976513106215, 0.4435315522739744, 0.4473969670782446, 0.45031632040198677, 0.45015094737892897], "train_f2_micro": [0.3874233807472573, 0.4672995200600392, 0.4889936987244377, 0.5010643777017088, 0.5085537324382838, 0.514602596814407, 0.5195561034929892, 0.5234770482160732, 0.5279261720571484, 0.5307672114299757, 0.533967511108482, 0.5356609892258607, 0.5378783865544344, 0.5398644455300494, 0.5416191832131009, 0.5435343424581135, 0.5448092006194845, 0.5464115618099625, 0.5481349730352686, 0.5488030275258192, 0.5498267262792405, 0.5650486847519511, 0.5685140443422726, 0.5703217159661724, 0.5707905302505883, 0.5718050944862882, 0.5729010564768882, 0.575141153829658, 0.5766929857750696, 0.5769216941307657], "train_hl": [0.1125762923224188, 0.10220453709404678, 0.09921500018051581, 0.09737530016851395, 0.09622819539811542, 0.09532971456060013, 0.0945869651975282, 0.09398101754320914, 0.09333935703196886, 0.09277907499797529, 0.09234310493042336, 0.09207145303515375, 0.09168739345908292, 0.09140110514704232, 0.09113491751403388, 0.0908398473519307, 0.09057248880558057, 0.0903574310551588, 0.09007602154870853, 0.08994917260335994, 0.08982232365801134, 0.0870798494595747, 0.08657694217932342, 0.08631719456969422, 0.08622117967567652, 0.08606700941902207, 0.08591576644572183, 0.0853650468706853, 0.08517633467045131, 0.08514901335914547], "train_oe": [0.8020875433359906, 0.7751682456107826, 0.7663731251969818, 0.7609929735441888, 0.758386325293387, 0.7550121433471143, 0.7532805576669942, 0.7511151485937819, 0.7490758078570237, 0.747414672129628, 0.7467027568178869, 0.7451231947199615, 0.7445484714214206, 0.7433322827638629, 0.7425795806373867, 0.7415154155620238, 0.7408702423107585, 0.7399321455718497, 0.7389458462337084, 0.7385083149483676, 0.7384230334266486, 0.7301803889578968, 0.7282152060661118, 0.7275366617846085, 0.7268469938263594, 0.7263983388642726, 0.7258347392424775, 0.7243701218042604, 0.723587756539795, 0.723331911974638], "val_loss": [0.22550868210495892, 0.21821888295256328, 0.21507985534398427, 0.21260377113667253, 0.2104614627182595, 0.20960008035753033, 0.20842510858102514, 0.20933014935666716, 0.20931723666185573, 0.2090196513703819, 0.20783807823108388, 0.20760778434666505, 0.20843456362934545, 0.20752191611983445, 0.20768911588082853, 0.20713213349780807, 0.20736623409565133, 0.20730097798026237, 0.20774508454855578, 0.20720730091092462, 0.2074051160095707, 0.20488623722264218, 0.20549728440681048, 0.20546828053175484, 0.205434642875045, 0.20565125701512307, 0.20604156045461727, 0.20569337908197516, 0.2058071948376111, 0.2058151823579627], "val_recall": [0.2841656751169081, 0.2918204697978027, 0.30083872541089407, 0.3268245386235414, 0.32435001344556974, 0.32652285740116704, 0.3349393666539509, 0.3449496293070059, 0.3388854719635348, 0.35419409076089337, 0.3449231507551176, 0.3474073095192275, 0.3476268775574544, 0.3538675202362379, 0.35697021958051095, 0.3568264442783509, 0.3609666291420107, 0.3567043994493797, 0.3740980959853753, 0.36201495481780693, 0.37241508717810284, 0.381905525667455, 0.3831227123692486, 0.3793605063599888, 0.3823134738179401, 0.38282484490388097, 0.3805349791433191, 0.38705651896957427, 0.3856534779746057, 0.38701858828292063], "val_f2_macro": [0.3072133447282863, 0.31744383739446486, 0.3266380265012965, 0.35530609654848605, 0.3514770113384716, 0.35376540766296505, 0.3635092376110813, 0.37310685321770387, 0.36696912577340884, 0.3806918406538996, 0.3728667334805187, 0.3757359354914233, 0.37597917181864576, 0.38138495924059085, 0.38681373527701557, 0.3855813895404346, 0.39020614299242745, 0.385825587390298, 0.40187638366945516, 0.392599234885028, 0.40216318753458813, 0.41100043894038646, 0.41213964022772975, 0.4090598015611652, 0.41246415591860264, 0.4125200922615642, 0.41041430661626943, 0.41683617312545573, 0.4150179473738351, 0.41669901354490685], "val_f2_micro": [0.4723521898995272, 0.4770400575083041, 0.4870469909030321, 0.5075005097791612, 0.5136935467052682, 0.5240325853133861, 0.522248525924992, 0.537625449080491, 0.5269828765450193, 0.5307107500131162, 0.5360877355169773, 0.5300340302834717, 0.5303518471057737, 0.5367690530713791, 0.5417322040550252, 0.5406748233823145, 0.5360741464555762, 0.5393690772642408, 0.542794190118486, 0.5367727109620261, 0.5429138320272977, 0.5532121310545592, 0.5536095620908895, 0.5514229869596674, 0.5523173869949897, 0.5525322678214023, 0.5504633622912019, 0.5573321911240416, 0.5580410334695793, 0.5584539596224463], "val_hl": [0.10199694819114176, 0.09961429117761791, 0.09816198068946037, 0.0961583537418265, 0.095177384794641, 0.09432318460125484, 0.09400753891226454, 0.0931673768694669, 0.09390459247461541, 0.09342814615161117, 0.09287342650411338, 0.09310101470304845, 0.09338815869235903, 0.09279898176614398, 0.09262286678603349, 0.09237358326346162, 0.09270411790004582, 0.09236294830089457, 0.09221618581746915, 0.09247993288913221, 0.09214471886901852, 0.09081109456310936, 0.09084555184182663, 0.09088809169209486, 0.09084725343583736, 0.09085023122535613, 0.09103825736354174, 0.09054436970192753, 0.09049204568609759, 0.09044525185080253], "val_oe": [0.7743588500117198, 0.7666561593236504, 0.7620490935396006, 0.7537321274136579, 0.7517842276698754, 0.7474600518901093, 0.7453343355722056, 0.7435804175456463, 0.7479450061831672, 0.7458839504376713, 0.7426913346750402, 0.7437501515482166, 0.7434915092585856, 0.7430873806810374, 0.741373875512233, 0.7431601238249962, 0.7429580595362221, 0.7407676826459106, 0.7398462694891006, 0.7429014815353653, 0.7389329389038417, 0.7358292314282713, 0.7355220937093345, 0.7357160754265577, 0.7358211488567202, 0.7358211488567202, 0.7373810851660565, 0.7337681756827752, 0.7338651665413868, 0.7337520105396733]}