{"train_loss": [0.2740980133495599, 0.26175916818154893, 0.25968123580349894, 0.25869178995145303, 0.2580992865434078, 0.25769911211790225, 0.25746157511982115, 0.2572423996360496, 0.2571338607271489, 0.25699012633678286, 0.25690778470313064, 0.2568869372833331, 0.2568160817230418, 0.2567502737078881, 0.2567230752750163, 0.25667141432779755, 0.2566324730673792, 0.25666398083632896, 0.25660420809468004, 0.25667665064676104], "train_recall": [0.1536224736816661, 0.19600088357993686, 0.20587202058131246, 0.2113622471535459, 0.21464499249093513, 0.21702099506349018, 0.21842998687012097, 0.22049607559245812, 0.22189563130897488, 0.22224148100319108, 0.2233736037562938, 0.22387744235479642, 0.22501187970967032, 0.2249259033810942, 0.22572255315852163, 0.22677164524363386, 0.22632003736447234, 0.22697504477761432, 0.22733726079561797, 0.22727960349433923], "train_f2_macro": [0.17030240227984725, 0.21589135291839417, 0.22663429228871862, 0.2326108541388832, 0.23620922171783967, 0.23876640900764992, 0.24034302720954742, 0.24259112320224369, 0.24412378512747498, 0.24443305459834974, 0.24567821700139558, 0.24622749994953805, 0.2474507452774588, 0.24742480826677943, 0.24825057065588294, 0.24937875427296433, 0.24887339571776546, 0.24962252741972504, 0.24995211974458995, 0.2498908115432529], "train_f2_micro": [0.276055982581927, 0.3386180693582492, 0.35049743849771825, 0.3565787268999574, 0.3605148618307251, 0.36300617139671587, 0.36408560983291083, 0.3663853929087222, 0.36700093267350165, 0.36770165338686417, 0.36863612503300724, 0.36916042355683537, 0.36984034586658315, 0.36996812979863825, 0.3706367920771087, 0.37147334243039937, 0.37142536945185134, 0.37154148595164865, 0.37167024892003964, 0.3715893388497717], "train_hl": [0.12568330111695375, 0.11931802103936123, 0.11813637432538315, 0.11752398664768486, 0.11710421421469282, 0.1168766667219598, 0.11676152691002799, 0.11653710185287279, 0.11647484829354017, 0.11646450522568867, 0.1163423399337068, 0.11634585267373183, 0.11622954194845835, 0.11623285953625977, 0.11621510068391097, 0.11609781419751942, 0.11612669672661417, 0.11608825173856237, 0.11612298883436553, 0.11611771972432797], "train_oe": [0.8358553180444577, 0.8201004838799384, 0.8172083279259905, 0.8162739390793303, 0.8150911214520106, 0.8152023582194702, 0.8147425795806373, 0.8140899905448747, 0.8141048221138694, 0.8136598750440313, 0.8138118986262259, 0.8135968408758041, 0.8134485251858581, 0.8134077383711229, 0.8133372884183986, 0.8131778490517065, 0.8129590834090361, 0.8131778490517065, 0.8132705463579228, 0.8129553755167875], "val_loss": [0.25745435062177807, 0.2554018096720129, 0.25326124699883856, 0.25286393610527647, 0.25207453616434117, 0.2523093183026186, 0.2518297730295064, 0.25187455781467033, 0.2516710608621938, 0.25311456789169495, 0.2511526765066976, 0.2513305621456991, 0.2517741256142145, 0.2514758003903554, 0.25141563591978827, 0.2517583350681436, 0.25118455389948374, 0.25095712609750964, 0.2515433632343435, 0.251656677705675], "val_recall": [0.1849599691676845, 0.19962755630919013, 0.20850792425593492, 0.2087847766839445, 0.21337296541004633, 0.21544644634634957, 0.21104595029211934, 0.21355950875787819, 0.22659379570627283, 0.21774712384398684, 0.22081341920047484, 0.23146058802785685, 0.22168852306470982, 0.22042354245823817, 0.2199372374422087, 0.21661832975057066, 0.21857920231561714, 0.23397163383563999, 0.23795029707193416, 0.23535750352907123], "val_f2_macro": [0.20282096755949958, 0.21937378635190485, 0.22922327483424942, 0.2293312087667403, 0.23420081228563247, 0.23528578378470044, 0.23134600737295327, 0.23433357379283706, 0.24739693407365485, 0.23868375000478023, 0.24228212080143963, 0.2537178516551343, 0.24220243252099075, 0.24052468009479253, 0.24143483270606703, 0.23681608382146108, 0.24035294124302878, 0.25449692063490204, 0.25914762235254096, 0.2573082099257156], "val_f2_micro": [0.3326935585887835, 0.34764678519215236, 0.3558546135046151, 0.3585575671427735, 0.35936935898668537, 0.35717542216336123, 0.3655766098112747, 0.3662622085813925, 0.37468191208677076, 0.3622345929311326, 0.37152760160332854, 0.37658531335951917, 0.3700860399403118, 0.3791548497418569, 0.3712581726090559, 0.3587184786891266, 0.3622330096469448, 0.38400388599236196, 0.39417117550978326, 0.3927207463823593], "val_hl": [0.11904053920111012, 0.1173176752652466, 0.11694119759037272, 0.11631713798693771, 0.11620695977474299, 0.11597724458329452, 0.11535914055889707, 0.11540040421365724, 0.11516600963867928, 0.1157777326855365, 0.11520004151889386, 0.11493246586070667, 0.11490906894305913, 0.11459469944957688, 0.11512091739739494, 0.11565691951077471, 0.11567521164639005, 0.1141578151873221, 0.11409060222389829, 0.11414718022475505], "val_oe": [0.8162831486465734, 0.8128803860236173, 0.8113689451435868, 0.8110860551393031, 0.8107789174203665, 0.8093402196842947, 0.8081763293809558, 0.8077156228025508, 0.8062203470656224, 0.8089845865360523, 0.8075943842292864, 0.8072145033663911, 0.8069881913629641, 0.8061233562070108, 0.8079015219482231, 0.8078611090904682, 0.8082733202395674, 0.8043775207520024, 0.8047574016148977, 0.8042966950364928]}